{
  "helpMsg1": [
    "`settings`, `softban`, `ban`, `hackban`, `unban`, `bean`, `kick`, `mute`, `tempmute`, `warn`, `clearwarns`, `warns`, `lockdown`, `timedlockdown`, `unlockdown`, `addrole`, `removerole`, `votekick`, `rename`, `purge`"
    ],
  "helpMsg3": [
    "`dadjoke`, `copypasta`, `roll`, `rps`, `8ball`, `wallpaper`, `ngif`, `kitsune`, `neko`, `cat`, `dog`, `shibe`, `nep`, `coinflip`, `gamble`, `urban`, `advice`, `triggered`, `credits`, `animemes`, `moe`, `amiajoke`, `woosh`, `truth`, `owoify`, `say`"
  ],
  "helpMsg4": [
    "`about`,  `avatar`, `ping`, `serverinfo`, `uptime`, `bug`, `suggest`, `invite`, `user`, `stats`, `coins`, `pay`, `vote`, `rich`, `timer`, `colorsearch`, `currency`, `duckduckgo`"
  ],
  "helpMsg5": [
    "`f`, `hug`, `pat`, `kiss`, `tickle`, `smug`, `poke`, `spank`, `cuddle`, `feed`, `baka`, `slap`, `smack`, `punch`, `hammer`, `fight`"
  ],
  "helpMsg7": [
    "`eval`, `exec`, `reload`, `shutdown`, `blacklist`, `unblacklist`, `leave`"
  ]
}
